{
  "n_train": 7648,
  "n_test": 1913,
  "n_features": 8,
  "classes": [
    "A",
    "L",
    "N",
    "R",
    "V"
  ],
  "weighted_f1": 0.9963240465228856,
  "per_class_f1": {
    "A": 0.9230769230769231,
    "L": 0.9989969909729187,
    "N": 0.9978517722878625,
    "R": 0.9931972789115646,
    "V": 0.9863013698630136
  }
}